level	model	seed	inference_epsilon	aupr	auroc	log_loss
seed	v23	42	0.025	0.615986198119	0.706066359536	0.8254029194
seed	v23	42	0.0125	0.616432650039	0.708784927522	0.795425720725
seed	v23	43	0.025	0.618970706674	0.705878617478	0.844992215504
seed	v23	43	0.0125	0.621378656118	0.709398081805	0.811374111951
seed	v36	42	0.025	0.621344229751	0.710437799996	0.839621933479
seed	v36	42	0.0125	0.621374019124	0.712480600461	0.79641074226
seed	v36	43	0.025	0.622610474787	0.71164307608	0.844157234885
seed	v36	43	0.0125	0.623870260978	0.712824996261	0.808957649317
ensemble2	v23	42,43	0.025	0.63157183447	0.716678012429	0.761577387899
ensemble2	v23	42,43	0.0125	0.632082137921	0.719215537907	0.73732769092
ensemble2	v36	42,43	0.025	0.638367100925	0.723825017368	0.757412239704
ensemble2	v36	42,43	0.0125	0.636306205298	0.723285040973	0.734462011555
