scope	model_or_contrast	metric	statistic	value
observed_micro	v23	aupr	value	0.63208213792054724
observed_micro	v23	auroc	value	0.71921553790680748
observed_micro	v23	log_loss	value	0.73732769293616396
observed_micro	v36	aupr	value	0.63630620529783499
observed_micro	v36	auroc	value	0.72328504097261004
observed_micro	v36	log_loss	value	0.73446201341612283
observed_micro_delta	v36_minus_v23	aupr	value	0.0042240673772877546
observed_micro_delta	v36_minus_v23	auroc	value	0.0040695030658025599
observed_micro_delta	v36_minus_v23	log_loss	value	-0.0028656795200411311
bootstrap_micro_delta	v36_minus_v23	aupr	mean	0.0043023173153699879
bootstrap_micro_delta	v36_minus_v23	aupr	median	0.004235964239403478
bootstrap_micro_delta	v36_minus_v23	aupr	ci95_low	0.001150392674981443
bootstrap_micro_delta	v36_minus_v23	aupr	ci95_high	0.0078762000824981263
bootstrap_micro_delta	v36_minus_v23	aupr	probability_positive	0.997
bootstrap_micro_delta	v36_minus_v23	aupr	probability_beneficial	0.997
bootstrap_micro_delta	v36_minus_v23	auroc	mean	0.004088603980533909
bootstrap_micro_delta	v36_minus_v23	auroc	median	0.0040301250866222604
bootstrap_micro_delta	v36_minus_v23	auroc	ci95_low	0.00035841692319144302
bootstrap_micro_delta	v36_minus_v23	auroc	ci95_high	0.0081979288818261695
bootstrap_micro_delta	v36_minus_v23	auroc	probability_positive	0.98399999999999999
bootstrap_micro_delta	v36_minus_v23	auroc	probability_beneficial	0.98399999999999999
bootstrap_micro_delta	v36_minus_v23	log_loss	mean	-0.0028260262053863895
bootstrap_micro_delta	v36_minus_v23	log_loss	median	-0.0027676825413480155
bootstrap_micro_delta	v36_minus_v23	log_loss	ci95_low	-0.01252088457912961
bootstrap_micro_delta	v36_minus_v23	log_loss	ci95_high	0.0063034019989451117
bootstrap_micro_delta	v36_minus_v23	log_loss	probability_positive	0.27700000000000002
bootstrap_micro_delta	v36_minus_v23	log_loss	probability_beneficial	0.72299999999999998
observed_macro	v23	aupr	value	0.59427561263010564
observed_macro	v36	aupr	value	0.59836042000788836
observed_macro	delta	aupr	value	0.0040848073777827454
observed_macro	v23	auroc	value	0.69815497611655508
observed_macro	v36	auroc	value	0.69883354911702156
observed_macro	delta	auroc	value	0.00067857300046669116
observed_macro	v23	log_loss	value	0.54023742104649675
observed_macro	v36	log_loss	value	0.54533566362685182
observed_macro	delta	log_loss	value	0.0050982425803550637
bootstrap_macro_delta	v36_minus_v23	aupr	mean	0.0040487954104068873
bootstrap_macro_delta	v36_minus_v23	aupr	median	0.0040578008436130044
bootstrap_macro_delta	v36_minus_v23	aupr	ci95_low	-0.00097268914269680153
bootstrap_macro_delta	v36_minus_v23	aupr	ci95_high	0.0093045369017854523
bootstrap_macro_delta	v36_minus_v23	aupr	probability_positive	0.94350000000000001
bootstrap_macro_delta	v36_minus_v23	aupr	probability_beneficial	0.94350000000000001
bootstrap_macro_delta	v36_minus_v23	auroc	mean	0.00063483983896753704
bootstrap_macro_delta	v36_minus_v23	auroc	median	0.00065022167075588484
bootstrap_macro_delta	v36_minus_v23	auroc	ci95_low	-0.0033251458449917283
bootstrap_macro_delta	v36_minus_v23	auroc	ci95_high	0.0046633290629039424
bootstrap_macro_delta	v36_minus_v23	auroc	probability_positive	0.61850000000000005
bootstrap_macro_delta	v36_minus_v23	auroc	probability_beneficial	0.61850000000000005
